name;url;email
А W;http://samlib.ru/s/shokun_a_w/;None
А М В;http://samlib.ru/a/a_m_w/;None
А Надо Ли;http://samlib.ru/a/a_n_l/;None
А П;http://samlib.ru/p/porfirxew_a_a/;None
А Сс А;http://samlib.ru/a/a_s_a/;None
А. Rina;http://samlib.ru/a/a_rina/;None
А. Анна;http://samlib.ru/a/atti_a/;None
А. Бурый;http://samlib.ru/a/a_buryj/;None
А. Вячеслав;http://samlib.ru/a/astremskij_w_w/;None
А. Дэ Эрос;http://samlib.ru/a/a_d_e/;None
А. Л. И.;http://samlib.ru/a/a_l_i/;None
А. Н. Оуэн;http://samlib.ru/a/a_n_o/;None
А. Найс Стори;http://samlib.ru/a/anicestory/;None
А. Ш.;http://samlib.ru/a/a_s/;None
А.А. Коханов;http://samlib.ru/a/aa_k/;None
А.А.;http://samlib.ru/a/anikeewa_a_l/;None
А.Анель.А;http://samlib.ru/a/aanelxa/;None
А.Белый;http://samlib.ru/k/komarow_aleksandr_aleksandrowich/;None
А.В. Лесевицкий;http://samlib.ru/a/aw_lesewickij/;None
А.В.;http://samlib.ru/a/aw/;None
А.В.С. ....Х;http://samlib.ru/a/aws_h/;None
А.Левицкий;http://samlib.ru/a/alewickij/;None
А.Н.А.;http://samlib.ru/a/ashmarin_n_a/;None
А.О.;http://samlib.ru/a/ao/;None
А.Стоянович;http://samlib.ru/a/astojanowich/;None
А;http://samlib.ru/a/aiw/;None
Аvarus;http://samlib.ru/a/avarus/;None
Аа Бб Вв;http://samlib.ru/a/aa_b_w/;None
Ааб Анна Михайловна;http://samlib.ru/a/aab_a_m/;None
Аанка;http://samlib.ru/k/kupcowa_anna_borisowna/;None
Ааю;http://samlib.ru/a/abrosimow_a_j/;None
Абабай Абдала;http://samlib.ru/a/ababaj_a/;None
Абаимов Дмитрий Олегович;http://samlib.ru/a/abaimow_d_o/;None
Абаимов Сергей;http://samlib.ru/s/sergej_abaimow/;None
Абакумова Алиса Васильевна;http://samlib.ru/a/abakumowa_a_w/;None
Абакумова Валерия Владиславна;http://samlib.ru/a/abakumowa_w_w/;None
Абакус Наталья;http://samlib.ru/a/abakus_n/;None
Абасова Лейла Пазиловна;http://samlib.ru/a/abasowa_l_p/;None
Аббасов Адиль Юсупович;http://samlib.ru/a/abbasow_a_j/;None
Аббат Д Эрбле;http://samlib.ru/o/olver_d_v/;None
Абби Бриг;http://samlib.ru/a/abbi_b/;None
Абвакумова Елена;http://samlib.ru/a/abwakumowa_e/;None
Абвалов Василий;http://samlib.ru/w/wasilij_a/;None
Абдулаев А. Е.;http://samlib.ru/a/abdulaew_a_e/;None
Абдуллаева Эмилия;http://samlib.ru/a/abdullaewa_emilija/;None
Абдуллина Фарида Михайловна;http://samlib.ru/a/abdullina_f_m/;None
Абдулов Артем Камильевич;http://samlib.ru/a/abdulow_a_k/;None
Абеллон Лоранс;http://samlib.ru/a/abellon_l/;None
Абель Илья;http://samlib.ru/a/abelx_i/;None
Абибуллаева Эльзара Владимировна;http://samlib.ru/a/abibullaewa_e_w/;None
Абизери Хтафр;http://samlib.ru/a/abizeri_h/;None
Абиквэст Ася Славвна;http://samlib.ru/a/abikwest_a_s/;None
Абина Марина;http://samlib.ru/m/marina_abina/;None
Абламонова Инна Александровна;http://samlib.ru/a/ablamonowa_i_a/;None
Абра;http://samlib.ru/a/abra/;None
Абраменко Виктор Викторович;http://samlib.ru/a/abramenko_w_w/;None
Абраменко Михаил Игоревич;http://samlib.ru/a/abramenko_m_i/;None
Абрамов Вячеслав Игоревич;http://samlib.ru/a/abramow_w_i/;None
Абрамов Олег Евгеньевич;http://samlib.ru/a/abramow_o_e/;None
Абрамов Я.В.;http://samlib.ru/a/abramow_j_w/;None
Абрамова Ада;http://samlib.ru/a/abramowa_a/;None
Абрамова Екатерина;http://samlib.ru/a/abramowa_e/;None
Абрамова Рима;http://samlib.ru/r/rima_a/;None
Абрамова Юлиана Юрьевна;http://samlib.ru/a/abramowa_j_j/;None
Абрамович Шломо;http://samlib.ru/a/abramowich_s/;None
Абрамсон Ханан Исаакович;http://samlib.ru/a/abramson_h_i/;None
Абрамцев Кирилл Владимирович;http://samlib.ru/a/abramcew_k_w/;None
Абрикосов Абрикос Абрикосович;http://samlib.ru/a/abrikosow_a_a/;None
Абрикосов Виталий Андреевич;http://samlib.ru/a/abrikosow_w_a/;None
Абросимов Игорь Львович;http://samlib.ru/a/abrosimow_i_l/;None
Абросимов Эдуард Николаевич;http://samlib.ru/a/abrosimow_e_n/;None
Абросова Дарья;http://samlib.ru/s/swetlowa_anna/;None
Аброськина  Ирина Геннадьевна;http://samlib.ru/a/abrosxkina_i_g/;None
Абруков Денис Александрович;http://samlib.ru/a/abrukow_d_a/;None
Абсентис Денис;http://samlib.ru/a/absentis_d/;None
Абсолютный Абсолют Абсолютович;http://samlib.ru/a/absoljutnyj_a_a/;None
Абсолютов Должен Статович;http://samlib.ru/a/absoljutow_d_s/;None
Абсцент;http://samlib.ru/a/abscent/;None
Абулафия;http://samlib.ru/c/catz/;None
Абулафия;http://samlib.ru/o/otchety_i_i/;None
Абуров Павел Олегович;http://samlib.ru/a/aburow_p_o/;None
Авадхута;http://samlib.ru/a/avadhuta/;None
Авайс Антон;http://samlib.ru/a/anton_awajs/;None
Авакумов Сергей Бен;http://samlib.ru/a/awakumow_s_b/;None
Аванпост;http://samlib.ru/a/awanpost/;None
Авантюрист;http://samlib.ru/a/awantjurist/;None
Авард Тони;http://samlib.ru/a/award_t/;None
Аваста Павел;http://samlib.ru/p/pawel_awasta/;None
Аввакумов Евгений Георгиевич;http://samlib.ru/a/awwakumow_e_g/;None
Аввакумов Евгений Георгиевич;http://samlib.ru/a/awwakumow_ewgenij_georgiewich/;None
Авгур Кристина;http://samlib.ru/a/awgur_k/;None
Авгурий;http://samlib.ru/a/awgurij/;None
Август Мак Брелан;http://samlib.ru/a/awgust_wolxnyj_strelok/;None
Августа Шопен;http://samlib.ru/a/awgusta_s/;None
Августейший Сикст;http://samlib.ru/a/awgustejshij_s/;None
Августовский  Алексей Александрович;http://samlib.ru/a/awgustowskij_a_a/;None
Авдеев Сергей Дмитриевич;http://samlib.ru/a/awdeew_s_d/;None
Авдеева Олеся Владимировна;http://samlib.ru/a/awdeewa_o_w/;None
Авдей П. И.;http://samlib.ru/a/awdej_p_i/;None
Авдольян Тигран Петрович;http://samlib.ru/a/awdolxjan_t_p/;None
Аве;http://samlib.ru/a/awe/;None
Авеа Намо;http://samlib.ru/a/awea_n/;None
Авезки Роман;http://samlib.ru/a/awezki_roman_semenowich/;None
Авель Александр;http://samlib.ru/a/awelx_a/;None
Авер Женя;http://samlib.ru/a/awer_z/;None
Авербух Наталья Владимировна;http://samlib.ru/a/awerbuh_n_w/;None
Аверин Алексей;http://samlib.ru/a/aleksej_awerin/;None
Аверин В.Е.;http://samlib.ru/a/awerin_w/;None
Аверин В;http://samlib.ru/a/awerinw/;None
Аверина Мария Александровна;http://samlib.ru/a/awerina_m_a/;None
Авещева Елена;http://samlib.ru/a/aweshenawa_e/;None
Авива;http://samlib.ru/a/awiwa/;None
Авин Михаил;http://samlib.ru/a/awin_m/;None
Авина;http://samlib.ru/s/selir/;None
Авласенко Геннадий;http://samlib.ru/a/awlasenko_g/;None
Авласенко Мария;http://samlib.ru/a/awlasenko_m_a/;None
Авокадик;http://samlib.ru/s/siberian_l/;None
Авось;http://samlib.ru/a/awosx/;None
Авраменко Алексей Геннадьевич;http://samlib.ru/a/awramenko_a_g/;None
Аврамова Елена Вениаминовна;http://samlib.ru/a/awramowa_e_w/;None
Аврора Либория Раймонд;http://samlib.ru/s/shubkina_e_a/;None
Авросова Алёна;http://samlib.ru/a/awrosowa_a/;None
Авто-Турист;http://samlib.ru/a/awtoturist/;None
Автоматический Эпос;http://samlib.ru/a/awtomaticheskij_e/;None
Автоним;http://samlib.ru/a/a_w_t/;None
Автор Из Бобруйска;http://samlib.ru/a/awtor_i_b/;None
Автор Остался Неизвестным;http://samlib.ru/a/awtor_o_n/;None
Автор Рассказа;http://samlib.ru/a/awtor_r/;None
Автор;http://samlib.ru/a/alexost66/;None
Автор;http://samlib.ru/a/amelxkin_aleksandr_anatolxewich/;None
Автор;http://samlib.ru/m/mondlos/;None
Автор;http://samlib.ru/a/awtor/;None
Авторёнок;http://samlib.ru/a/awtorenok/;None
Авторы 1-2-3;http://samlib.ru/o/odor/;None
Авшарян Герасим Энрихович;http://samlib.ru/g/gerasim_e_a/;None
Ага Е. Ска;http://samlib.ru/s/skachkow_a_e/;None
Ага...;http://samlib.ru/a/aga/;None
Агаев Алекс;http://samlib.ru/a/aleks_agaew/;None
Агаев Самид;http://samlib.ru/a/agaew_s/;None
Агамиров Сергей Шагенович;http://samlib.ru/a/agamirow_s_s/;None
Агапи Ксения;http://samlib.ru/a/agapi_k/;None
Агапит;http://samlib.ru/a/agapit/;None
Агарин Владимир;http://samlib.ru/w/wladimir_agarin/;None
Агаркова Наталия Сергеевна;http://samlib.ru/a/agarkowa_n_s/;None
Агат Кристовский;http://samlib.ru/a/agat_k/;None
Агатов Виталий Кириллович;http://samlib.ru/a/agatow_w_k/;None
Агатова Виктория;http://samlib.ru/a/agatowa_w/;None
Агатти Алексей;http://samlib.ru/a/agatti_a/;None
Агафиевская Федора Ивановна;http://samlib.ru/a/agafiewskaja_f_i/;None
Агафонов Андрей Юрьевич;http://samlib.ru/a/agafonow_a_j/;None
Агафонов Владимир Михайлович;http://samlib.ru/a/agafonow_wladimir_mihajlowich/;None
Агафонов Илья;http://samlib.ru/a/agafonow_i/;None
Агеев Антон Владимирович;http://samlib.ru/a/ageew_a_w/;None
Агеева Евгения;http://samlib.ru/a/ageewa_e/;None
Агеева Зинаида Михайловна;http://samlib.ru/a/ageewa_z_m/;None
Агент Паскаль;http://samlib.ru/i/inspektor_l/;None
Агера Сергей Николаевич;http://samlib.ru/a/agera_s_n/;None
Аглиулина Елена Маратовна;http://samlib.ru/a/agliulina_e_m/;None
Агностик Фома;http://samlib.ru/a/agnostik_f/;None
Аграфенин Николай Александрович;http://samlib.ru/a/agrafenin_n_a/;None
Агромохин Олег Евгеньевич;http://samlib.ru/a/agromohin_o_e/;None
Агубекова Юлия;http://samlib.ru/a/agubekowa_j/;None
Агурина А. Е.;http://samlib.ru/a/agurina_a_e/;None
Агурина Адель Евгеньевна;http://samlib.ru/a/agurina_adelx_ewgenxewna/;None
Агушин Сергей Александрович;http://samlib.ru/a/agushin_s_a/;None
Агфева  Натаван Акифовна;http://samlib.ru/a/agfewa_n_a/;None
Ада-Рая;http://samlib.ru/a/adaraja/;None
Адамов Агат;http://samlib.ru/a/adamow_a/;None
Адари;http://samlib.ru/a/adari/;None
Адекватный Неадекват;http://samlib.ru/a/adekwatnyj_n/;None
Адепт Дождя;http://samlib.ru/a/adept_d/;None
Адепт Зла;http://samlib.ru/a/adept_z/;None
Адептус Сомнус;http://samlib.ru/a/adeptus_s/;None
Аджитарова Л.;http://samlib.ru/a/adzhitarowa_l_s/;None
Адия Марат;http://samlib.ru/m/marat_a_a/;None
Адлер Кристина;http://samlib.ru/b/beatrina/;None
Адмирер;http://samlib.ru/a/admirer/;None
Адмор Стрелял Зря;http://samlib.ru/a/asocialxnyj_k/;None
Адоевцев Олег Анатольевич;http://samlib.ru/a/adoewcew_o_a/;None
Адони;http://samlib.ru/a/adonidoni/;None
Адрамова Аулимак;http://samlib.ru/a/adramowa_a/;None
Адресное Бюро;http://samlib.ru/a/adresnoe_b/;None
Адьянова Ирина Александровна;http://samlib.ru/a/adxjanowa/;None
Аехопаптелевскусь;http://samlib.ru/a/aehopaptelewskusx/;None
Аждаха;http://samlib.ru/a/azhdaha/;None
Аз Беларус;http://samlib.ru/a/az_b/;None
Аз Денис Ал;http://samlib.ru/a/az_d_a/;None
Аза;http://samlib.ru/a/alsor/;None
Азарова Екатерина Сергеевна;http://samlib.ru/a/azarowa_e_s/;None
Азарова Наталья Валерьевна;http://samlib.ru/a/azarowa_n_w/;None
Азат Гм;http://samlib.ru/a/azat_g/;None
Азизов Юрий;http://samlib.ru/z/zezik_m/;None
Азик Нахов;http://samlib.ru/a/azik_n/;None
Азимандис Яков Марисович;http://samlib.ru/a/azimandis_j_m/;None
Азк;http://samlib.ru/a/azk/;None
Азмария;http://samlib.ru/f/freja/;None
Азмодан-Няш;http://samlib.ru/w/wladimir_mort/;None
Аид;http://samlib.ru/a/aid/;None
Аида;http://samlib.ru/a/aida/;None
Аион Анна;http://samlib.ru/a/anna_aion/;None
Аитова Лейла;http://samlib.ru/a/aitowa_l/;None
Ай Ру;http://samlib.ru/a/ajbulatow_r_c/;None
Айвен Айвенович;http://samlib.ru/w/werifikator_e/;None
Айвен Прович;http://samlib.ru/a/ajwen_p/;None
Айдавкилева Диана Алексеевна;http://samlib.ru/a/ajdawkilewa_d_a/;None
Айдос;http://samlib.ru/a/ajdos/;None
Айзак Грегори;http://samlib.ru/g/gregori_a/;None
Айлена;http://samlib.ru/a/ajlena/;None
Айлин Морозова;http://samlib.ru/a/ajlin/;None
Айна С.;http://samlib.ru/s/s_a/;None
Айнгорн А.;http://samlib.ru/a/ajngorn_a/;None
Айнетдинова Юлия Юрьевна;http://samlib.ru/j/julija_a/;None
Айо   Ая;http://samlib.ru/p/petrow_sidor/;None
Айринэ;http://samlib.ru/a/ajrine/;None
Айроник;http://samlib.ru/a/ajronik/;None
Айрос Килинар;http://samlib.ru/a/ajros_k/;None
Айская Елена;http://samlib.ru/n/nesterowa_e_w/;None
Айтенова  Жанна;http://samlib.ru/a/ajtenowa_z/;None
Айшет;http://samlib.ru/a/ajshet/;None
Айэн;http://samlib.ru/a/ajrien/;None
Ак;http://samlib.ru/a/ak/;None
Академия Высшей Магии;http://samlib.ru/a/akademija_w_m/;None
Акай Алиса;http://samlib.ru/a/akaj_a/;None
Акамура;http://samlib.ru/l/lozinskaja_j_a/;None
Акатов Григорий Михайлович;http://samlib.ru/a/akatow_g_m/;None
Акашева Василиса Игоревна;http://samlib.ru/a/akashewa_w_i/;None
Акбашев Рамиль Ринатович;http://samlib.ru/a/akbashew_r_r/;None
Акбуляков Ринат Данисович;http://samlib.ru/a/akbuljakow_r_d/;None
Аква Мари;http://samlib.ru/n/nadejkina_m_j/;None
Аква Марина;http://samlib.ru/a/akwa_m/;None
Аква Трипофана;http://samlib.ru/p/parshina_n_a/;None
Аквамарин;http://samlib.ru/a/akwamarin/;None
Аквелов Доминик;http://samlib.ru/d/dominik_a/;None
Аквинская Марианна Романовна;http://samlib.ru/m/marianna_i_a/;None
Аквинский Фома Ландольфович;http://samlib.ru/a/akwinskij_f_l/;None
Акела;http://samlib.ru/a/akela_j/;None
Акель;http://samlib.ru/a/akelx/;None
Акельева Надежда Вячеславовна;http://samlib.ru/a/akelxewa_n_w/;None
Акерон;http://samlib.ru/c/cwetkow_m_b/;None
Акименко Сергей;http://samlib.ru/a/akimenko_s/;None
Акимов Алексей Юрьевич;http://samlib.ru/a/akimow_a_j/;None
Акимов Владимир Константинович;http://samlib.ru/a/akimow_w_k/;None
Акимов Иван Исаевич;http://samlib.ru/i/ivan/;None
Акимова Александра;http://samlib.ru/a/akimowa_a/;None
Акиро Кира;http://samlib.ru/a/akirokira/;None
Акитинова Ленина Борисовна;http://samlib.ru/a/akitinowa_l_b/;None
Акк Александр;http://samlib.ru/a/aleksandr_akk/;None
Аккалагара;http://samlib.ru/a/akkalagara/;None
Аккерман Ак Ак;http://samlib.ru/a/akkerman_a_a/;None
Аккерман Лора;http://samlib.ru/l/l_a/;None
Аклин;http://samlib.ru/a/aklin/;None
Акмальдинов Андрей Сергеевич;http://samlib.ru/a/akmalxdinow_a_s/;None
Акримова Кристина;http://samlib.ru/a/akrimowa_k/;None
Акрит Дигенис;http://samlib.ru/a/akrit_d/;None
Акс Ирина;http://samlib.ru/s/starik_hotjabych/;None
Акс;http://samlib.ru/a/aks/;None
Аксандрова Тали;http://samlib.ru/t/tali_a/;None
Аксандрова;http://samlib.ru/a/aksandrowa/;None
Аксенов Даниил Павлович;http://samlib.ru/a/aksenow_d_p/;None
Аксенова Мария;http://samlib.ru/a/aksenowa_marija/;None
Аксенова София Анатольевна;http://samlib.ru/a/aksenowa_s_a/;None
Аксёнов Александр Андреев;http://samlib.ru/f/filimonow_a_a/;None
Аксёнов Алексей Викторович;http://samlib.ru/a/aksenow_a_w/;None
Аксёнов Алексей Ильич;http://samlib.ru/a/aksenow_a_i/;None
Аксёнова Виолетта Максимовна;http://samlib.ru/a/aksenowa_w_m/;None
Аксёнова Мария Сергеевна;http://samlib.ru/a/aksenowa_m_s/;None
Акси Дубри;http://samlib.ru/a/aksi_d/;None
Акситэорм;http://samlib.ru/a/aksiteorm/;None
Акстись Александр Сергеевич;http://samlib.ru/a/akstisx_a_s/;None
Аксфи;http://samlib.ru/a/aksfi/;None
Аксютин;http://samlib.ru/a/aksjutin/;None
Актава;http://samlib.ru/a/aktawa/;None
Актуальное Интервью;http://samlib.ru/a/aktualxnoe_i/;None
Актуриан;http://samlib.ru/a/akturian/;None
Акуленко Аксель;http://samlib.ru/a/akulenko_a/;None
Акулов Александр Михайлович;http://samlib.ru/a/akulowa_n_m/;None
Акулов Антон Евгеньевич;http://samlib.ru/a/akulow_a_e/;None
Акулов Кирилл;http://samlib.ru/a/akulow_k/;None
Акулов Сергей;http://samlib.ru/a/akulow/;None
Акулова Татьяна;http://samlib.ru/a/akulowa_t/;None
Акуна-Матата;http://samlib.ru/p/pm/;None
Ал Алович;http://samlib.ru/a/al_alowich/;None
Ал Олег;http://samlib.ru/o/odinec_o/;None
Ал;http://samlib.ru/a/al/;None
Алавин Александр;http://samlib.ru/a/alawin_a/;None
Аладин Данила Юрьевич;http://samlib.ru/a/aladin_d_j/;None
Алалыкин Денис;http://samlib.ru/a/alalykin_d_s/;None
Алартикоэча Берта;http://samlib.ru/b/berta_a/;None
Аластор;http://samlib.ru/a/alastor/;None
Алафиэль Юлия;http://samlib.ru/s/shapkowa_j_a/;None
Алахмея;http://samlib.ru/a/alahmeja/;None
Алгранов Игорь;http://samlib.ru/p/poljana_i_a/;None
Алейников Роман Валериевич;http://samlib.ru/a/alejnikow_r_w/;None
Алейникова Наталья;http://samlib.ru/a/alejnikowa_n/;None
Алейникова Эльмира;http://samlib.ru/c/coj_a/;None
Алек Ольга Сандровна;http://samlib.ru/a/ankilowa_o_a/;None
Алек;http://samlib.ru/a/alek/;None
Алекс Алена;http://samlib.ru/a/aleksandrowa_alena_aleksandrowna/;None
Алекс Андр.;http://samlib.ru/a/aleks_andr/;None
Алекс Мак;http://samlib.ru/a/aleks_mak/;None
Алекс Юлька;http://samlib.ru/z/zjulija_a/;None
Алекса Л;http://samlib.ru/a/aleksa_l/;None
Алекса-191;http://samlib.ru/a/aleksa191/;None
Александер Мари;http://samlib.ru/a/aleksander_m/;None
Александер Сурнин;http://samlib.ru/a/aleksander_surnin/;None
Александр Г.М;http://samlib.ru/g/golubew_a_m/;None
Александр Н;http://samlib.ru/a/aleksandrn/;None
Александр;http://samlib.ru/a/aleksandr_is/;None
Александра S;http://samlib.ru/s/solowxewa_aleksandra/;None
Александра;http://samlib.ru/s/stechenko_a_i/;None
Александрийская Мария;http://samlib.ru/a/aleksandrijskaja_m/;None
Александров Алекс Александрович;http://samlib.ru/a/aleksandrow_aleks_aleksandrowich/;None
Александров Александр Александрович;http://samlib.ru/a/aleksandr_aleksandr_aleksandrowich/;None
Александров Александр Александрович;http://samlib.ru/a/aleksandrow_aleksandr_aleksandrowich/;None
Александров Александр Александрович;http://samlib.ru/p/panin_a_w/;None
Александров Александр Сергеевич;http://samlib.ru/a/aleksandrow_a_s/;None
Александров Валериан Генрихович;http://samlib.ru/a/aleksandrow_w_g/;None
Александров Влад;http://samlib.ru/a/aleksandrow_d_k/;None
Александров Владислав;http://samlib.ru/w/wladislaw_aleksandrow/;None
Александров Георгий Викторович;http://samlib.ru/a/aleksandrow_g_w/;None
Александров И. И.;http://samlib.ru/a/aleksandrow_i_i/;None
Александров Илья Константинович;http://samlib.ru/a/aleksandrow_i_k/;None
Александров Крис;http://samlib.ru/a/aleksandrow_k_w/;None
Александров Михаил Владимирович;http://samlib.ru/a/aleksandrow_m_w/;None
Александров Юрий Евгеньевич;http://samlib.ru/a/aleksandrow_j_e/;None
Александрова Александра Сергеевна;http://samlib.ru/a/aleksandrowa_a_s/;None
Александрова Александра;http://samlib.ru/t/tuhwatulowa_olxga_aleksandrowna/;None
Александрова Анна;http://samlib.ru/a/anna_aleksandrowa/;None
Александрова Владислава;http://samlib.ru/a/aleksandrowa_w/;None
Александрова Екатерина;http://samlib.ru/a/aleksandrowa_ekaterina/;None
Александрова Елена;http://samlib.ru/a/aleksandrowa_e/;None
Александрова Елена;http://samlib.ru/a/aleksandrowa_elena/;None
Александрова Ирена Игоревна;http://samlib.ru/a/aleksandrowa_i_i/;None
Александрова Лариса Юрьевна;http://samlib.ru/a/aleksandrowa_l_j/;None
Александрова Марина Александровна;http://samlib.ru/a/aleksandrowa_m_a/;None
Александрова Ная;http://samlib.ru/a/aleksandrowa_naja_wladimirowna/;None
Александрова Полина;http://samlib.ru/s/semenowa_polina_aleksandrowna/;None
Александрова Светлана;http://samlib.ru/s/swetlana_a_w/;None
Александрович Андрей;http://samlib.ru/a/andrej_aleksandrowich/;None
Александрович Валентин;http://samlib.ru/w/walentin_a/;None
Александрович Владимир;http://samlib.ru/w/wladimir_a/;None
Александрович Вячеслав;http://samlib.ru/w/wjacheslaw_aleksandrowich/;None
Александрович Иван;http://samlib.ru/s/shornikow_i_a/;None
Александрович Максим;http://samlib.ru/m/maksim_aleksandrowich/;None
Александрович Сергей, Александра;http://samlib.ru/s/sergej_a_i/;None
Александрович;http://samlib.ru/a/aleksandrowich/;None
Александровна Карина;http://samlib.ru/k/karina_aleksandrowna/;None
Александровна Любовь;http://samlib.ru/l/ljubowx_a/;None
Александровна Людмила;http://samlib.ru/l/ljudmila_a/;None
Александровна Мария;http://samlib.ru/s/smirnowa_marija_aleksandrowna/;None
Александровна Юлия;http://samlib.ru/j/julija_aleksandrowna/;None
Александры Брат И Питерский;http://samlib.ru/t/tworcheskij_s_k/;None
Алексанян Андрей Васильевич;http://samlib.ru/a/aleksanjan_a_w/;None
Алексашенко Ольга Михайловна;http://samlib.ru/a/aleksashenko_o_m/;None
Алексашкина Екатерина Сергеевна;http://samlib.ru/a/aleksashkina_e_s/;None
Алексеев Владимир Николаевич;http://samlib.ru/a/alekseew_wladimir_nikolaewich/;None
Алексеев Георгий Саввич;http://samlib.ru/a/alekseew_g_s/;None
Алексеев Дмитрий Михайлович;http://samlib.ru/d/dmitrij_m_a/;None
Алексеев Евгений Артемович;http://samlib.ru/a/alekseew_e_a/;None
Алексеев Константин Вячеславович;http://samlib.ru/a/alekseew_konstantin_wjacheslawowich/;None
Алексеев Михаил Литгерой;http://samlib.ru/a/alekseew_m_l/;None
Алексеев Михаил;http://samlib.ru/m/mihail_alekseew/;None
Алексеев Сергей Александрович;http://samlib.ru/a/alekseew_s_a/;None
Алексеев Сергей Алексеевич;http://samlib.ru/a/alekseew_sergej_alekseewich/;None
Алексеев Ян;http://samlib.ru/j/jan_a_a/;None
Алексеева Анна;http://samlib.ru/a/alekseewa_anna/;None
Алексеева Арина Владимировна;http://samlib.ru/a/alekseewa_arina_wladimirowna/;None
Алексеева Валерия;http://samlib.ru/l/lunewa_w_w/;None
Алексеева Маша;http://samlib.ru/a/alekseewa_m/;None
Алексеева Маша;http://samlib.ru/m/masha_a/;None
Алексеева Надежда Ивановна;http://samlib.ru/a/alekseewa_n_i/;None
Алексеева Ольга Егоровна;http://samlib.ru/a/alekseewa_o_e/;None
Алексеева Светлана Андреевна;http://samlib.ru/a/alekseewa_s_a/;None
Алексеева Светлана Борисовна;http://samlib.ru/a/alekseewa_s_b/;None
Алексеевич Денис;http://samlib.ru/d/denis_alekseewich/;None
Алексеевна Антонина;http://samlib.ru/a/antonina_a/;None
Алексеевна Екатерина;http://samlib.ru/s/siweruhina_e_a/;None
Алексеевна Татьяна;http://samlib.ru/t/tatxjana_alekseewna/;None
Алексеенко Ольга Александровна;http://samlib.ru/a/alekseenko_o_a/;None
Алексеенко Павел;http://samlib.ru/a/alekseenko_p/;None
Алексеенкова Любовь;http://samlib.ru/a/alekseenkowa/;None
Алексей;http://samlib.ru/w/wolxf_l/;None
Алексей;http://samlib.ru/g/gawrichenko_a_a/;None
Алексейч;http://samlib.ru/a/aleksejch/;None
Алексина Карина;http://samlib.ru/w/wita/;None
Алексис Александр;http://samlib.ru/a/aleksis_a/;None
Алексис Никола Оним;http://samlib.ru/o/onim_a_n/;None
Алексс;http://samlib.ru/a/alekss/;None
Алект;http://samlib.ru/z/zobnin_aleksej_dmitriewmch/;None
Алемас Рина;http://samlib.ru/a/alemas_r/;None
Алемина Екатерина;http://samlib.ru/a/alemina_k_g/;None
Алена В М;http://samlib.ru/a/alena_w_m/;None
Аленка Еленка;http://samlib.ru/a/alenka_e/;None
Аленка;http://samlib.ru/a/alenka/;None
Аленонова Анна Сергеевна;http://samlib.ru/a/anna_alenonowa_sergeewna/;None
Алеркан Наблюдатель;http://samlib.ru/a/alerkan_n/;None
Алескерова Сабина;http://samlib.ru/a/aleskerowa_s/;None
Алесса;http://samlib.ru/a/alessa/;None
Алесьев Евгений Александрович;http://samlib.ru/a/alesxew_e_a/;None
Алеся;http://samlib.ru/e/ewtashewa_a/;None
Алеся;http://samlib.ru/g/gerda/;None
Алехандра Де Ла Плайя;http://samlib.ru/a/alehandra_d_l/;None
Алешин Василий;http://samlib.ru/a/aleshin_w/;None
Алешко Алексей Владимирович;http://samlib.ru/a/aleshko_a_w/;None
Алещенко Екатерина Михайловна;http://samlib.ru/a/aleshenko_e_m/;None
Алёнаигоревна;http://samlib.ru/a/alenaigorewna/;None
Алёнушка;http://samlib.ru/a/alenushka/;None
Алёхина Светлана Викторовна;http://samlib.ru/a/alehina_s_w/;None
Алёшин Данил Игоревич;http://samlib.ru/a/aleshin_d_i/;None
Алёшина Ольга;http://samlib.ru/a/aleshina_o/;None
Алёшина Тамара Филипповна;http://samlib.ru/a/aleshina_t_f/;None
Али Шер;http://samlib.ru/a/ali_s/;None
Алиара;http://samlib.ru/a/aliara/;None
Алибеков Станислав Михайлович;http://samlib.ru/a/alibekow_s_m/;None
Алибекова Санита Алихановна;http://samlib.ru/a/alibekowa_s_a/;None
Алигеит Анна;http://samlib.ru/a/anna_aligeit/;None
Алигер Филипп;http://samlib.ru/i/igoshin_f_j/;None
Алиев Али;http://samlib.ru/a/aliew_ali/;None
Алиев Юлий Юрьевич;http://samlib.ru/a/aliew_j_j/;None
Алиева Карина;http://samlib.ru/a/aliewa_k/;None
Алиева Марьяна Геннадьевна;http://samlib.ru/k/korolewa_m_g/;None
Ализен Поликсена;http://samlib.ru/a/alizen_p/;None
Аликар;http://samlib.ru/a/alikar/;None
Аликова Синна Алексеевна;http://samlib.ru/a/alikowa_s_a/;None
Аликс  Лайра;http://samlib.ru/a/aliks_l/;None
Алимов Евгений Дмитриевич;http://samlib.ru/a/alimow_e_d/;None
Алимова Алсу Нурислямовна;http://samlib.ru/a/alimowa_a_n/;None
Алин Александр Алексеевич;http://samlib.ru/a/alin_a_a/;None
Алин Эрика;http://samlib.ru/e/erika_a/;None
Алине Аллайн;http://samlib.ru/a/aline_a/;None
Алинин Роман Александрович;http://samlib.ru/a/alinin_r_a/;None
Алиса;http://samlib.ru/a/alisa/;None
Алиса2023;http://samlib.ru/a/alisa2023/;None
Алисандра Анастасия;http://samlib.ru/a/anastasija_a/;None
Алисочка;http://samlib.ru/a/alisochka/;None
Алистер;http://samlib.ru/a/alister/;None
Алит;http://samlib.ru/a/alit/;None
Алихан Варкхов;http://samlib.ru/h/heor_a/;None
Алиханова Гуля Абдулкадировна;http://samlib.ru/a/alihanowa_g_a/;None
Алиша Эстер;http://samlib.ru/a/alisha_e/;None
Алишева Кристин;http://samlib.ru/k/kristin_a/;None
Алия Дэ;http://samlib.ru/s/skazkoterapija/;None
Алкар Дмитрий Константинович;http://samlib.ru/a/alkar_d/;None
Алкинская Гюзель;http://samlib.ru/g/gjuzelx_a/;None
Алкогольцев Толик;http://samlib.ru/a/alkogolxcew_t/;None
Алконост Влада;http://samlib.ru/a/alkonost_w_w/;None
Аллан Рик;http://samlib.ru/a/allan_r/;None
Аллен Алена;http://samlib.ru/a/alena_allen/;None
Алльберт;http://samlib.ru/a/allxbert/;None
Аллэин Флаер;http://samlib.ru/a/allein_f/;None
Аллюминивый Огурец;http://samlib.ru/a/alljuminiwyj/;None
Алмазная Анна;http://samlib.ru/a/almazowa_a_w/;None
Алмазный Бретонец;http://samlib.ru/a/almaznyj_b/;None
Алмазов Игорь Семенович;http://samlib.ru/b/bessmertnyj_i_w/;None
Алмазова Катарина Алексеевна;http://samlib.ru/a/almazowa_k_a/;None
Алмазова Маргарита Сергеевна;http://samlib.ru/a/almazowa_m_s/;None
Алманзор Х Х;http://samlib.ru/a/almanzor_h_h/;None
Алмари;http://samlib.ru/a/almari/;None
Алмауз-Кампыр;http://samlib.ru/a/almauzkampyr/;None
Алмиэон;http://samlib.ru/a/almieon/;None
Алнесандра;http://samlib.ru/a/alnesandra/;None
Алов Ал;http://samlib.ru/a/alow_a/;None
Алов Дениел;http://samlib.ru/d/deniel_a/;None
Алов Станислав Станиславович;http://samlib.ru/a/alow_s_s/;None
Алпаров Аскар Ильгизович;http://samlib.ru/a/alparow_a_i/;None
Алпатов Антон;http://samlib.ru/a/ap/;None
Алпатов Владимир;http://samlib.ru/a/alpatow_w/;None
Алсер Грю;http://samlib.ru/a/alser_g/;None
Алтабаева Ольга Сергевна;http://samlib.ru/a/altabaewa_o_s/;None
Алтаев Москвин Владимир Николаевич;http://samlib.ru/a/altaew_m_w/;None
Алтаев Никита Владимирович;http://samlib.ru/a/altaew_n_w/;None
Алтунин;http://samlib.ru/a/altunin/;None
Алтухова Алена;http://samlib.ru/a/arveril/;None
Алтын З.;http://samlib.ru/s/strogij/;None
Алувиан;http://samlib.ru/a/aluwian/;None
Алфеева Лина;http://samlib.ru/l/lampeewa_a/;None
Алфеева Марта Алексеевна;http://samlib.ru/a/alfeewa_m_a/;None
Алферов Всеволод;http://samlib.ru/a/alferow_w/;None
Алхагия;http://samlib.ru/s/skazochnaja_a/;None
Алхимика;http://samlib.ru/a/alhimika/;None
Алхимия Слова;http://samlib.ru/a/alhimija_s/;None
Алхорс Александр Леонидович;http://samlib.ru/a/alhors_a_l/;None
Аль Инь Гэйл;http://samlib.ru/a/alx_i/;None
Альба Анна;http://samlib.ru/a/alxba_a/;None
Альба Эмилия;http://samlib.ru/a/alxba_e/;None
Альбахака;http://samlib.ru/a/alxbahaka/;None
Альбе;http://samlib.ru/a/alxbe/;None
Альберов Ким;http://samlib.ru/a/alxberow_k/;None
Альбина-Зульфия;http://samlib.ru/a/alxbinazulxfija/;None
Альбов А.;http://samlib.ru/a/a_alxbow/;None
Альбумная Альбина;http://samlib.ru/a/alxbina_a/;None
Альвадавар;http://samlib.ru/a/alxwadawar/;None
Альенси;http://samlib.ru/a/alxensi/;None
Алькон Хорхе;http://samlib.ru/a/alxkon_h/;None
Альманах  Самиздата;http://samlib.ru/p/poeticheskij_a/;None
Альпина;http://samlib.ru/a/alxpina/;None
Альпинист Полинезии;http://samlib.ru/a/alxpinist_p/;None
Альтер Эго;http://samlib.ru/n/nina_a/;None
Альтер;http://samlib.ru/j/jakushewa_a_w/;None
Альтман;http://samlib.ru/a/alxtman/;None
Альтшуль Павел Михайлович;http://samlib.ru/a/alxtshulx_p_m/;None
Альфар;http://samlib.ru/a/alxfar_r/;None
Альшаин;http://samlib.ru/a/alxshain/;None
Алэр Дюран;http://samlib.ru/a/aler_d/;None
Аля;http://samlib.ru/o/oborotnja/;None
Алябьев Михаил Александрович;http://samlib.ru/a/aljabxew_m_a/;None
Алябьева Ангелина;http://samlib.ru/a/aljabxewa_a/;None
Алябьева Яна;http://samlib.ru/a/aljabxewa_j/;None
Аляз Яна;http://samlib.ru/a/aljaz_j/;None
Амазонка Гена;http://samlib.ru/r/rakow_s/;None
Амал Раф;http://samlib.ru/a/amal_r/;None
Амалия В.;http://samlib.ru/w/wertepp_a/;None
Аманда;http://samlib.ru/a/amanda/;None
Аманди Хоуп;http://samlib.ru/h/houp_a/;None
Амбер Кэтрин;http://samlib.ru/a/amber_k/;None
Амберов К.;http://samlib.ru/a/amberow_k/;None
Амдам Наталиа;http://samlib.ru/a/amdam_n/;None
Аме Рин;http://samlib.ru/a/ame_r/;None
Амел Ксения Олеговна;http://samlib.ru/k/ksenija_o_a/;None
Амелина Анна Александровна;http://samlib.ru/a/amelina_a_a/;None
Амелина Стефания Ника;http://samlib.ru/a/amelina_s_n/;None
Амелькович Лидия;http://samlib.ru/a/amelxkowich_l/;None
Аменция Виолетта Дмитриевна;http://samlib.ru/a/amencija_w_d/;None
Аметист;http://samlib.ru/a/ametist/;None
Ами Дзу;http://samlib.ru/a/ami_d/;None
Амидала;http://samlib.ru/a/amidala/;None
Амин Роман;http://samlib.ru/a/amin_r/;None
Аминева Мария Александровна;http://samlib.ru/a/aminewa_m_a/;None
Аминова Лилия Владимировна;http://samlib.ru/a/aminowa_l_w/;None
Амир Джунусов;http://samlib.ru/a/amir_d/;None
Амир Лейла;http://samlib.ru/l/lejla_a/;None
Амманас;http://samlib.ru/t/towarish_k/;None
Амнефис Ирина;http://samlib.ru/i/irina_a/;None
Амод Александр;http://samlib.ru/a/amod_a/;None
Амонавт Дмитрий Сергеевич;http://samlib.ru/a/amonawt_d_s/;None
Аморалес Туристо Облико;http://samlib.ru/a/amorales_t_o/;None
Амори Мари;http://samlib.ru/m/mari_a/;None
Амос;http://samlib.ru/a/amos/;None
Амплитов Павел Андреевич;http://samlib.ru/a/amplitow_p_a/;None
Амур Серж;http://samlib.ru/a/amur_s/;None
Амэ;http://samlib.ru/a/ame/;None
Ан Лапушка;http://samlib.ru/a/an_l/;None
Ан;http://samlib.ru/a/an/;None
Ана;http://samlib.ru/n/nikiporec_a_w/;None
Анабарская Ярослава Сергеевна;http://samlib.ru/a/anabarskaja_j_s/;None
Анабель Кристи;http://samlib.ru/a/anabelx_k/;None
Анавеев Никита Алексеевич;http://samlib.ru/a/anaweew_n_a/;None
Анакойхер Булат Мэлсович;http://samlib.ru/r/rapowec_e_w/;None
Аналитик Трансцендентного;http://samlib.ru/a/analitik_t/;None
Аналитик1;http://samlib.ru/a/analitik1/;None
Аналитик;http://samlib.ru/a/analitik/;None
Анальный Лоцмэн;http://samlib.ru/a/analxnyj_l/;None
Анальный Лоцмэн;http://samlib.ru/a/analxnyj_locmen/;None
Ананке Фортута;http://samlib.ru/a/ananke_f/;None
Ананси Иа;http://samlib.ru/a/anansi_i/;None
Анархист Иванов;http://samlib.ru/i/ivanov_a/;None
Анаста Гор;http://samlib.ru/g/goroshko_a/;None
Анастасия В.;http://samlib.ru/a/anastasija_w/;None
Анастасия.Ru;http://samlib.ru/a/anastasijaru/;None
Анастасия;http://samlib.ru/w/wesloguzowa_a/;None
Анастасия;http://samlib.ru/a/anastasija/;None
Анастасия;http://samlib.ru/m/miloslawskaja_a_j/;None
Анастасия;http://samlib.ru/s/strelxcowa_a/;None
Анастейша;http://samlib.ru/a/anastejsha/;None
Анастин Адвинари;http://samlib.ru/a/anastin_a/;None
Анатоль;http://samlib.ru/a/anatolx/;None
Анатольева Вероника;http://samlib.ru/w/weronika_anatolxewna/;None
Анатольева Ника;http://samlib.ru/a/anatolxewa_n/;None
Анатольевна Анна;http://samlib.ru/a/anna_anatolxewna/;None
Анацкая Ольга;http://samlib.ru/a/anackaja_o/;None
Анашенков Кирилл Борисович;http://samlib.ru/a/anashenkow_k_b/;None
Анв;http://samlib.ru/a/anw/;None
Анвола;http://samlib.ru/a/anwola/;None
Ангарин Леонид;http://samlib.ru/l/leonid_angarskij/;None
Ангел В Кедах;http://samlib.ru/a/angel_w_k/;None
Ангел На Метле;http://samlib.ru/a/angel_n_m/;None
Ангелина Ева;http://samlib.ru/e/ewa_a/;None
Ангелина Татьяна;http://samlib.ru/a/angelina_t/;None
Ангелов Георги;http://samlib.ru/a/angelow_g/;None
Ангелов Илья;http://samlib.ru/a/angelow_i/;None
Ангелова Алиса;http://samlib.ru/d/dolgowa_a_d/;None
Ангелова Анастасия;http://samlib.ru/a/angelowa_a_m/;None
Ангелъ Злата;http://samlib.ru/a/angelowa_o_a/;None
Ангмарец;http://samlib.ru/a/angmarec/;None
Ангорский Андрей Андреевич;http://samlib.ru/a/angorskij_a_a/;None
Ангст;http://samlib.ru/s/sykalow_s_g/;None
Анд Ганс Христианович;http://samlib.ru/a/and_g_h/;None
Анд Рей;http://samlib.ru/a/and_r/;None
Анданте;http://samlib.ru/a/andante/;None
Анде Лека;http://samlib.ru/a/ande_l/;None
Андеев Александр;http://samlib.ru/s/shok_a_w/;None
Андерс Лили;http://samlib.ru/a/awdeewa_lilija/;None
Андерс Никлас;http://samlib.ru/a/anders_n/;None
Андерсен Ганс;http://samlib.ru/g/gans_a/;None
Андерсен Лиза;http://samlib.ru/a/andersen_liza/;None
Андерсен Нео Фридом;http://samlib.ru/a/andersen_n_f/;None
Андерсен-Борджиа Екатерина;http://samlib.ru/a/andersenbordzhia/;None
Андерсон Александр;http://samlib.ru/a/aleksandr_anderson/;None
Андес Артур;http://samlib.ru/a/andes_a_w/;None
Андре Катрин;http://samlib.ru/m/mandre_k/;None
Андреассон Леомир;http://samlib.ru/a/andreasson_l/;None
Андреев Андрей Ака-Арыкъ;http://samlib.ru/a/andrej_arykx_andreew/;None
Андреев Андрей Анатольевич;http://samlib.ru/a/andreew_a_a/;None
Андреев Вячеслав Викторович;http://samlib.ru/a/andreew_wjacheslaw_wiktorowich/;None
Андреев Д.И.;http://samlib.ru/a/andreew_d/;None
Андреев Иван;http://samlib.ru/i/iwan_andreew/;None
Андреев Игорь Семёнович;http://samlib.ru/a/andreew_i_s/;None
Андреев Константин;http://samlib.ru/a/andreew_konstantin/;None
Андреев Максим;http://samlib.ru/a/andreew_m/;None
Андреев Наум;http://samlib.ru/n/naum_a/;None
Андреев Олег Петрович;http://samlib.ru/a/andreew_o_p/;None
Андреев Роман Валентинович;http://samlib.ru/a/andreew_r_w/;None
Андреева  Н.Г.;http://samlib.ru/a/andreewa_ng_wila/;None
Андреева Анастасия Александровна;http://samlib.ru/a/andreewa_anastasija_aleksandrowna/;None
Андреева Валерия;http://samlib.ru/w/walerija_andreewa/;None
Андреева Василиса;http://samlib.ru/w/wasilisa_a/;None
Андреева Виктория;http://samlib.ru/a/andreewa_wiktorija/;None
Андреева Елена;http://samlib.ru/a/andreewa_e/;None
Андреева Софья;http://samlib.ru/a/andreewa_s_a/;None
Андреева Татьяна;http://samlib.ru/t/txtxjana/;None
Андреевич Александр;http://samlib.ru/c/chudnyh_a_a/;None
Андреевич Кирилл;http://samlib.ru/a/asonow_k_a/;None
Андреич Юрий;http://samlib.ru/j/jurij_andreich/;None
Андрей Н;http://samlib.ru/w/wlasenko_a_n/;None
Андрей, Д.Перл И Др.;http://samlib.ru/n/n/;None
Андрей1;http://samlib.ru/a/andrej1/;None
Андрей;http://samlib.ru/u/utkin_a/;None
Андрейко Александр Юрьевич;http://samlib.ru/a/andrejko_a_j/;None
Андрейчев Роман;http://samlib.ru/r/roman_a/;None
Андрианов Валерий Александрович;http://samlib.ru/a/andrianow_w_a/;None
Андриевский Виктор Владимирович;http://samlib.ru/a/andriewskij_w_w/;None
Андриенко Александр;http://samlib.ru/a/aleksandr_andrienko/;None
Андрогин;http://samlib.ru/a/androgin/;None
Андрон;http://samlib.ru/b/budarin_a_n/;None
Андронова Аля;http://samlib.ru/a/andronowa_a_i/;None
Андрос;http://samlib.ru/a/andros/;None
Андросенко Анастасия Андреевна;http://samlib.ru/a/androsenko_anastasija_andreewna/;None
Андросов Эллин;http://samlib.ru/a/androsow_e/;None
Андрэйст Адеола;http://samlib.ru/a/andreist_a/;None
Андрэль Дракул;http://samlib.ru/s/styshnewa_i_w/;None
Андрюхина Юлия;http://samlib.ru/z/zhukowa_j_l/;None
Андрюшин Вадимка;http://samlib.ru/a/andrjushin_w/;None
Андрюшин Иван;http://samlib.ru/w/wan_a/;None
Андрюшин Роман Николаевич;http://samlib.ru/a/andrjushin_r_n/;None
Андрющенко Даниил;http://samlib.ru/a/andrjushenko_d/;None
Андрющенко Степан Владимирович;http://samlib.ru/a/andrjushenko_s_w/;None
Анемона Елена;http://samlib.ru/a/anemona_e_m/;None
Анеринко Александра;http://samlib.ru/a/aleksandra_anerinko/;None
Анестезиолог Таролог Александрович;http://samlib.ru/a/anesteziolog_t_a/;None
Анжеликка;http://samlib.ru/a/anzhelikka/;None
Анжу Амели;http://samlib.ru/a/anzhu_a/;None
Ани Лайт;http://samlib.ru/a/ani_l/;None
Ани Ри;http://samlib.ru/a/ani_r/;None
Ани;http://samlib.ru/a/anni/;None
Аника;http://samlib.ru/a/annet_kim/;None
Аниканова Анастасия Александровна;http://samlib.ru/a/anikanowa_a_a/;None
Аникатегра;http://samlib.ru/a/anikategra/;None
Аникеев-Богачкин Владимир Александрович;http://samlib.ru/a/anikeewbogachkin_w_a/;None
Аникеева Мальвина Михайловна;http://samlib.ru/a/anikeewa_malxwina_mihajlowna/;None
Аникеева Ника;http://samlib.ru/a/anikeewa_n_e/;None
Аникин Сергей Дмитриевич;http://samlib.ru/a/anikin_s_d/;None
Аникина Кристина Александровна;http://samlib.ru/a/anikina_k_a/;None
Аникина Светлана Андреевна;http://samlib.ru/a/anikina_s_a/;None
Анилин;http://samlib.ru/a/anilin/;None
Анима Л;http://samlib.ru/a/anima_l/;None
Аниматор Ваня;http://samlib.ru/a/animator_w/;None
Аниртак Элисон;http://samlib.ru/a/anirtak_e/;None
Анисимов Кирилл Владимирович;http://samlib.ru/a/anisimow_k_w/;None
Анисимов Сергей;http://samlib.ru/a/anisimow_s/;None
Анисимова Авдотья;http://samlib.ru/a/anisimova_a/;None
Анисимова Анна Павловна;http://samlib.ru/a/anisimowa_a_p/;None
Анисимовский Александр;http://samlib.ru/a/aleksandranisimowski/;None
Анискова Наталья;http://samlib.ru/k/kowalenko_i_o/;None
Анисья;http://samlib.ru/a/anisxja/;None
Анитова Эль Н;http://samlib.ru/a/anitowa_e_n/;None
Анишкин Валерий Георгиевич;http://samlib.ru/a/anishkin_w_g/;None
Анищенко Евгений Сергеевич;http://samlib.ru/a/anishenko_e_s/;None
Анищенко Сергей Дмитриевич;http://samlib.ru/a/anishenko_sergej_dmitriewich/;None
Ания Кузнецова;http://samlib.ru/a/anija_k/;None
Анко Виталий;http://samlib.ru/a/andrushenko_w_a/;None
Анкор;http://samlib.ru/a/ankor/;None
Анкудинов Виктор Максимович;http://samlib.ru/a/ankudinow_w_m/;None
Анкх;http://samlib.ru/a/ankh/;None
Анн  Елизавета;http://samlib.ru/a/ann_e_p/;None
Анна V;http://samlib.ru/a/annav/;None
Анна Анна Анна;http://samlib.ru/a/anna_a_a/;None
Анна Маэкса;http://samlib.ru/a/anna_maeksa/;None
Анна-Виктория;http://samlib.ru/a/annawiktorija/;None
Анна;http://samlib.ru/a/anna/;None
Анна;http://samlib.ru/r/rotess_a_a/;None
Аннабель Анна;http://samlib.ru/a/annabelx_a/;None
Анненкова Елена;http://samlib.ru/a/annenkowa_e/;None
Анни Инна;http://samlib.ru/a/anni_i/;None
Анника;http://samlib.ru/a/annika/;None
Аннинская Екатерина Львовна;http://samlib.ru/a/anninskaja_e_l/;None
Анозова Элина;http://samlib.ru/a/anozowa_e/;None
Аномальная Жара;http://samlib.ru/a/anomalxnaja_z/;None
Аномальные Явления;http://samlib.ru/a/anomalxnye_j/;None
Анон Анонович Анонимус;http://samlib.ru/a/anon_a_a/;None
Аноним Анон Анонимус;http://samlib.ru/a/anonim_anon_ananimus/;None
Аноним Аноним Аноним;http://samlib.ru/a/anonim_a_a/;None
Аноним Анонимович Анонимов;http://samlib.ru/a/anonim_anonimowich_anonimow/;None
Аноним Анонимыч Анонимов;http://samlib.ru/a/anonim_anonimych_anonimow/;None
Аноним Ка;http://samlib.ru/a/anonim_k/;None
Аноним Смакс;http://samlib.ru/s/smax/;None
Аноним192;http://samlib.ru/a/anonim192/;None
Анонимный Автор Текста;http://samlib.ru/a/anonimnyj_a_t/;None
Анонимный Автор;http://samlib.ru/a/anonimnyj_awtor/;None
Анонимный Аноним;http://samlib.ru/a/anonimnyj_anonim/;None
Анонимный-Клуб-Г-;http://samlib.ru/a/anonimnyjklubg/;None
Анонимов Аноним Анонимович;http://samlib.ru/a/anonimow_a_a/;None
Анонимов Аноним Анонимович;http://samlib.ru/a/anonimow_anonim_anonimowich/;None
Анонимов Роман Романович;http://samlib.ru/r/roman_r_a/;None
Анонимс;http://samlib.ru/a/anonims/;None
Анонимус Альфарий Омегон;http://samlib.ru/a/anonimus_a_o/;None
Анонимус Аноним Анонимович;http://samlib.ru/a/anonimus_a_a/;None
Анонимус Токи;http://samlib.ru/a/anonimus_t/;None
Анонимус;http://samlib.ru/a/anonimus/;None
Анонистка;http://samlib.ru/a/anonist/;None
Аносов Андрей;http://samlib.ru/a/anosow_a/;None
Анохина Полина;http://samlib.ru/p/polina_anohina/;None
Анохина Светлана Александровна;http://samlib.ru/s/sanohina_s_a/;None
Аношенкова Евгения Александровна;http://samlib.ru/a/anoshenkowa_e_a/;None
Анпилогов Алексей Евгеньевич;http://samlib.ru/a/anpilogow_a_e/;None
Анре Жаннет;http://samlib.ru/z/zhanrett_z_a/;None
Анси;http://samlib.ru/a/ansi/;None
Анта Интарра;http://samlib.ru/a/anta_i/;None
Антагонист;http://samlib.ru/a/antagonist/;None
Анталов Амар;http://samlib.ru/a/antalow_a/;None
Анталофф Амар;http://samlib.ru/a/antaloff_a/;None
Антанта Максим;http://samlib.ru/m/maksim_a/;None
Антарио Александра;http://samlib.ru/a/aleksandra_antario/;None
Антаст Фёдор Константинович;http://samlib.ru/a/antast_f_k/;None
Антер;http://samlib.ru/e/ermakow_a_g/;None
Анти;http://samlib.ru/a/anti/;None
Антикова Светлана;http://samlib.ru/a/antikowa_s/;None
Антикризис;http://samlib.ru/a/antikrizis/;None
Антипов Сергей Викторович;http://samlib.ru/a/antipow_s_w/;None
Антипова Татьяна Васильевна;http://samlib.ru/a/antipowa_t_w/;None
Антипычева Елена Григорьевна;http://samlib.ru/a/antipychewa_e_g/;None
Антисамиздат-2;http://samlib.ru/a/antisamizdat-2/;None
Антитезис;http://samlib.ru/a/antitezis/;None
Антихристыч;http://samlib.ru/a/antihristych/;None
Антоден;http://samlib.ru/a/antoden/;None
Антон;http://samlib.ru/t/trolingow_u/;None
Антоненко Сергей Борисович;http://samlib.ru/a/antonenko_s_b/;None
Антонин Гайя;http://samlib.ru/a/antonin_g/;None
Антонов Виктор Степанович;http://samlib.ru/a/antonow_w_s/;None
Антонов Михаил Сергеевич;http://samlib.ru/a/antonow_mihail_sergeewich/;None
Антонов Никитаа Андреевич;http://samlib.ru/a/antonow_nikitaa_andreewich/;None
Антонова Бэла Валентиновна;http://samlib.ru/a/antonowa_b_w/;None
Антонова Евгения Александровна;http://samlib.ru/a/antonowa_e_a/;None
Антонова Елена Николаевна;http://samlib.ru/a/antonowa_e_n/;None
Антонова Инна Васильевна;http://samlib.ru/a/antonowa_i_w/;None
Антонова Наталия Михайловна;http://samlib.ru/a/antonowa_n_m/;None
Антонова Ольга Владимировна;http://samlib.ru/a/antonowa_o_w/;None
Антоновна Марья;http://samlib.ru/m/marxja_a/;None
Антонюк Дмитрий Валериевич;http://samlib.ru/a/antonjuk_d_w/;None
Антошка-Кун;http://samlib.ru/k/kostikow_a_k/;None
Антре Татьяна;http://samlib.ru/a/antre_t/;None
Антропов Борис;http://samlib.ru/a/antropow_b/;None
Антропов Сергей;http://samlib.ru/a/antropow_s_w/;None
Анты;http://samlib.ru/a/antae/;None
Антэис;http://samlib.ru/w/wasilkow_a_w/;None
Антяскин;http://samlib.ru/a/antjaskin/;None
Анубис;http://samlib.ru/a/anubis/;None
Анучина Людмила Олеговна;http://samlib.ru/a/anuchina_l_o/;None
Анушервон;http://samlib.ru/a/anusherwon/;None
Анфан Свинибль;http://samlib.ru/a/anfan_s/;None
Анферова А.Н.;http://samlib.ru/a/anferowa_a_n/;None
Анфиса;http://samlib.ru/g/grazhdanka_a_f/;None
Анхель Виктория Игуасу;http://samlib.ru/a/anhelx_w_i/;None
Анхен;http://samlib.ru/t/triswjackaja_a_a/;None
Анхорн Де Бхагос.;http://samlib.ru/a/anhorn_d_b/;None
Анцелевич Алиса Михайловна;http://samlib.ru/a/ancelewich_a_m/;None
Аншаков Михаил;http://samlib.ru/a/anshakow_m/;None
Аньина Александра;http://samlib.ru/a/anxina_a/;None
Анья Рам;http://samlib.ru/a/anxja_r/;None
Анэхита;http://samlib.ru/a/anehita/;None
Анютова Лиля;http://samlib.ru/a/anjutowa_l/;None
Аня;http://samlib.ru/k/kulikowa_a/;None
Аорист;http://samlib.ru/k/kondratenko_e_w/;None
Ап Егор Владимирович;http://samlib.ru/a/apuhtin_e_w/;None
Ап-12;http://samlib.ru/a/ap12/;None
Апельсин Василиса;http://samlib.ru/a/apelxsin_w/;None
Апельсин;http://samlib.ru/a/apelxsin/;None
Апельсинка;http://samlib.ru/a/apelxsinka/;None
Апесиан;http://samlib.ru/a/apesian/;None
Аплодисменты;http://samlib.ru/m/malxchishplohish/;None
Апломбов Константин Эдуардович;http://samlib.ru/a/aplombow_k_e/;None
Апогер;http://samlib.ru/a/apoger/;None
Аполлон Мусагет;http://samlib.ru/a/apollon_b/;None
Аполо;http://samlib.ru/a/apolo/;None
Апоэтичник;http://samlib.ru/a/apoetichnik/;None
Аппл Максим;http://samlib.ru/m/maksim_appl/;None
Аппроскимация Бытия;http://samlib.ru/a/approskimacija_b/;None
Апраксин Р-Си Александр;http://samlib.ru/a/apraksin_rsi_aleksandr/;None
Апреваль;http://samlib.ru/a/aprewalx/;None
Апрель Линн;http://samlib.ru/a/aprelx_e/;None
Апрель;http://samlib.ru/a/aprelx/;None
Апрельнутая;http://samlib.ru/a/april/;None
Апрельская Нэка;http://samlib.ru/a/aprelxskaja_n/;None
Апрельская Тата;http://samlib.ru/a/aprelxskaja_t/;None
Апрельский Ветер;http://samlib.ru/a/aprelxskij_w/;None
Априльская Наташа;http://samlib.ru/n/natasha_aprilxskaja/;None
Апролджэа;http://samlib.ru/a/aproldzhea/;None
Арабэус;http://samlib.ru/a/arabeus/;None
Аракси А;http://samlib.ru/a/araksi_a/;None
Аракчеев;http://samlib.ru/a/arakcheew/;None
Аранавир;http://samlib.ru/a/aranawir/;None
Аранин Михаил;http://samlib.ru/a/aranin_m/;None
Арапов Артур;http://samlib.ru/a/arapow_a_r/;None
Аратои Мартин;http://samlib.ru/m/martin_a/;None
Аратта Игорь;http://samlib.ru/a/aratta_i_w/;None
Арбалетова Арба Абрамовна;http://samlib.ru/a/arbaletowa_a_a/;None
Арбатская Мария;http://samlib.ru/a/arbatskaja_m/;None
Арбузов Николай Игоревич;http://samlib.ru/a/arbuzow_n_i/;None
Арбузова;http://samlib.ru/a/arbuzov/;None
Аргамаков Иван;http://samlib.ru/a/argamakow_i_a/;None
Аргар;http://samlib.ru/a/argar/;None
Аргирис;http://samlib.ru/a/argiris/;None
Ардай;http://samlib.ru/a/ardaj/;None
Ардальон В.;http://samlib.ru/a/ardalxon_w/;None
Арданциян Карина Павловна;http://samlib.ru/a/ardancijan_k_p/;None
Ардатов Роман Евгеньевич;http://samlib.ru/a/ardatow_r_e/;None
Ардашева Маргарита Викторовна;http://samlib.ru/a/ardashewa_m_w/;None
Арев Стасина;http://samlib.ru/a/arew_s/;None
Аревшатян Яна Мурадовна;http://samlib.ru/a/arewshatjan_j_m/;None
Аремилитина Юлия Теодоровна;http://samlib.ru/a/aremilitina_j_t/;None
Арестенко Римма Анатольевна;http://samlib.ru/a/arestenko_r_a/;None
Арестов Алексей Васильевич;http://samlib.ru/a/arestowa_a_w/;None
Арестов Николай Васильевич;http://samlib.ru/a/arestow_n_w/;None
Арефулин Р.М.;http://samlib.ru/a/arefulin_r_m/;None
Арзамасова Виктория Алексеевна;http://samlib.ru/a/arzamasowa_w_a/;None
Арзамасцева Евгения Вячеславовна;http://samlib.ru/a/arzamascewa_e_w/;None
Ариадна;http://samlib.ru/a/ariadna/;None
Арианна Нова;http://samlib.ru/a/arianna_n/;None
Арианова Анна;http://samlib.ru/a/arianowa_a/;None
Арианрод;http://samlib.ru/a/arianrod/;None
Ариес Алекс;http://samlib.ru/a/aleks_aries/;None
Арик С.Т.;http://samlib.ru/a/arik_s/;None
Арине Алекс;http://samlib.ru/a/aleks_arine/;None
Аринин Дмитрий Е.;http://samlib.ru/a/arinin_d_e/;None
Ариноко;http://samlib.ru/s/sikoko/;None
Арис Уголек;http://samlib.ru/a/aris_u/;None
Арисаминна Алла;http://samlib.ru/a/arisaminna_a/;None
Аристава Николь Федоровна;http://samlib.ru/a/aristawa_n_f/;None
Аристар;http://samlib.ru/a/aristar/;None
Аристов Владислав Николаевич;http://samlib.ru/a/aristow_w_n/;None
Аристофан Новый;http://samlib.ru/a/aristofan_n/;None
Арк Вадим;http://samlib.ru/w/wadim_ark/;None
Аркадий П.;http://samlib.ru/p/perla_arkadij_naumowich/;None
Арканзас;http://samlib.ru/a/arkanzas/;None
Арктик О Е;http://samlib.ru/a/arktis_o_e/;None
Аркун;http://samlib.ru/a/akimow_a_e/;None
Арлекин;http://samlib.ru/d/de_s/;None
Арлекин;http://samlib.ru/a/arlekin/;None
Арнадотир;http://samlib.ru/a/abernatoddir/;None
Арним;http://samlib.ru/a/arnim/;None
Арнолд Мэри;http://samlib.ru/m/meri_arnold/;None
Арон Бакенлли;http://samlib.ru/a/aron_b/;None
Аронова Мария;http://samlib.ru/m/marija_aronowa/;None
Арсайн Юрий Александрович;http://samlib.ru/a/arsajn_j_a/;None
Арсеневская Евгения;http://samlib.ru/a/arsenewskaja_e/;None
Арсений Как Арсений;http://samlib.ru/a/arsenij_k_a/;None
Арсентьев Владимир;http://samlib.ru/a/arsentxew_wladimir/;None
Арсентьева Елена Викторовна;http://samlib.ru/a/arsentxewa_e_w/;None
Арсеньев Анатолий Натанович;http://samlib.ru/a/anatolij_arsenxew/;None
Арсеньев Дима;http://samlib.ru/a/awnjukowskij_d/;None
Арсо Александр;http://samlib.ru/b/bobarykin_a_a/;None
Арт Александр Олегович;http://samlib.ru/a/art_a_o/;None
Арт Влад;http://samlib.ru/a/art_w/;None
Арт;http://samlib.ru/a/art/;None
Артамонов Владимир Николаевич;http://samlib.ru/a/artamonow_w_n/;None
Артамонов;http://samlib.ru/a/artamonow_k_a/;None
Артамонова  Мария Олеговна;http://samlib.ru/a/artamonowa_m_o/;None
Артамонова Валерия Александровна;http://samlib.ru/a/artamonowa_w_a/;None
Артамонова Дарья;http://samlib.ru/a/artamonowa_d/;None
Артеменко Евгений Евгеньевич;http://samlib.ru/a/artemenko_e_e/;None
Артеменко Максим Владимирович;http://samlib.ru/a/artemenko_m_w/;None
Артеменкова Александра;http://samlib.ru/a/artemenkowa_a/;None
Артемий;http://samlib.ru/a/artemij/;None
Артемис;http://samlib.ru/a/artemis/;None
Артемов Илья Анатольевич;http://samlib.ru/a/artemow_i_a/;None
Артемьев Макс;http://samlib.ru/a/artemxew_m/;None
Артемьева Анастасия;http://samlib.ru/a/artemxewa_a/;None
Артемьева Мария Геннадьевна;http://samlib.ru/a/artemxewa_m_g/;None
Артемьева;http://samlib.ru/t/terpugowa_m_a/;None
Артёменко Алексей Игоревич;http://samlib.ru/a/artemenko_a_i/;None
Артёмов Вова;http://samlib.ru/a/artemow_wladimir_konstantinowich/;None
Арти Вера;http://samlib.ru/w/wera_a/;None
Артуршоп;http://samlib.ru/a/arturshop/;None
Артюхин Сергей Анатольевич;http://samlib.ru/a/artjuhin_s_a/;None
Артюхина Алла Анатольевна;http://samlib.ru/a/artjuhina_a_a/;None
Артюхов Игорь Валентинович;http://samlib.ru/a/artjuhow_i_w/;None
Арутюнян Давид Варданович;http://samlib.ru/a/arutjunjan_d_w/;None
Арутюнян Кристина;http://samlib.ru/a/arutjunjan_k/;None
Арх Максим;http://samlib.ru/a/arh_m/;None
Арх;http://samlib.ru/a/arh/;None
Архангельская Марина;http://samlib.ru/w/wasilxewa_marina_anatolxewna/;None
Архангельский Денис Аркадьевич;http://samlib.ru/a/arhangelxskij_denis_arkadxewich/;None
Архив Эксперикон;http://samlib.ru/a/arhiw_e/;None
Архив;http://samlib.ru/a/arhiw/;None
Архимаг-Инквизитор;http://samlib.ru/a/arhimaginkwizitor/;None
Архипов Максим Фёдорович;http://samlib.ru/a/arhipow_m_f/;None
Архипов Олег;http://samlib.ru/a/arhipow_o/;None
Архипов Петр Евгеньевич;http://samlib.ru/a/alfawit_p_e/;None
Архипов Сергей;http://samlib.ru/a/arhipow_s/;None
Архипова Екатерина Викторовна;http://samlib.ru/e/ekaerina_w_a/;None
Архипова Екатерина Витальевна;http://samlib.ru/a/arhipowa_e_w/;None
Архипова Кира;http://samlib.ru/a/arhipowa_k/;None
Архипова Мария Александровна;http://samlib.ru/a/arhipowa_m_a/;None
Архипова Мария Александровна;http://samlib.ru/a/arhipowa_marija_aleksandrowna/;None
Архипова Мария;http://samlib.ru/a/arhipowa_m/;None
Архиреев Антон Алексеевич;http://samlib.ru/a/arhireew_a_a/;None
Арчаков Эдуард;http://samlib.ru/a/archakow_e/;None
Арчер Джилл;http://samlib.ru/a/archer_d/;None
Арчибальд;http://samlib.ru/a/alekseew_a_a/;None
Аршанская Вера;http://samlib.ru/a/arshanskaja_w/;None
Аршанский Юрий;http://samlib.ru/a/arshanskij_j/;None
Аршинова Татьяна;http://samlib.ru/l/lu_k/;None
Арыкова Антонина Ивановна;http://samlib.ru/a/arykowa_a_i/;None
Арьядев Фарвахар;http://samlib.ru/a/arxjadew_f/;None
Аса Врубель;http://samlib.ru/k/kurshakowa_a_s/;None
Асадова Анна Васильевна;http://samlib.ru/a/asadowa_a_w/;None
Асадуллина Элина Радиковна;http://samlib.ru/a/asadullina_e_r/;None
Асель;http://samlib.ru/a/aselx/;None
Аскалоне Энрико;http://samlib.ru/a/askalone_e/;None
Аскар;http://samlib.ru/a/askar/;None
Аскарова Рита;http://samlib.ru/a/askoritta/;None
Аскерова Лиза;http://samlib.ru/a/askerowa_l/;None
Аскова Элла;http://samlib.ru/a/askowa_e/;None
Асланов Фарид Эльман Оглы;http://samlib.ru/a/aslanow_farid_elxman/;None
Асмодей Fobos 7;http://samlib.ru/a/asmodej_f_7/;None
Асмодей;http://samlib.ru/a/asmodej/;None
Асмолов Григорий;http://samlib.ru/a/asmolow_g/;None
Асока Тано;http://samlib.ru/i/iwanowa_natalxja/;None
Асофф Gmbh;http://samlib.ru/d/dmitriewa_s_i/;None
Аспиотис Лилия Петровна;http://samlib.ru/a/aspiotis_l_p/;None
Аспирин  На Конкурс;http://samlib.ru/a/aspirin/;None
Асприн Ник;http://samlib.ru/a/asprin_n/;None
Асс;http://samlib.ru/a/ass/;None
Асса Волкова;http://samlib.ru/a/assa_w/;None
Ассур Аррграх;http://samlib.ru/a/assur_a/;None
Аста Рутт;http://samlib.ru/a/asta_r/;None
Астаев Дмитрий;http://samlib.ru/a/astaew_d/;None
Астап П;http://samlib.ru/a/astap_p/;None
Астапенко Ольга Анатольевна;http://samlib.ru/a/astapenko_olxga_anatolxewna/;None
Астапов Егор Леонидович;http://samlib.ru/a/astapow_e_l/;None
Астафьев Александр Владимирович;http://samlib.ru/a/astafxew_a_w/;None
Астафьева Валентина;http://samlib.ru/a/astafxewa_w_w/;None
Астахов Антон Андреевич;http://samlib.ru/a/astahow_a_a/;None
Астахов Гарик;http://samlib.ru/g/gomonow_i_a/;None
Астахов Пётр Сергеевич;http://samlib.ru/a/astahow_p_s/;None
Астахов. Е.И.;http://samlib.ru/a/astahow_e/;None
Астеллато Эреван;http://samlib.ru/a/astellato_e/;None
Астер Сергей;http://samlib.ru/a/aster_s/;None
Астик  Анна;http://samlib.ru/a/astik_a/;None
Астольфо;http://samlib.ru/o/onikazy/;None
Астральный Алексей Александрович;http://samlib.ru/a/astralxnyj_a_a/;None
Астрецких Мария;http://samlib.ru/m/marija_astreckih/;None
Астрий;http://samlib.ru/a/astrij/;None
Астровская Ксения Николаевна;http://samlib.ru/a/astrowskaja_k_n/;None
Астронов Андрей Андреевич;http://samlib.ru/a/astronow_a_a/;None
Асхадова Амина;http://samlib.ru/k/katjushka/;None
Асцатрион Схагумцор;http://samlib.ru/a/ascatrion_s/;None
Асылбаева Рина Михайловна;http://samlib.ru/a/asylbaewa_r_m/;None
Ася, Тори;http://samlib.ru/a/asja_i_t/;None
Атаджан Таган;http://samlib.ru/t/tagan_a/;None
Атаевв;http://samlib.ru/a/ataeww/;None
Аталия Анна Викторовна;http://samlib.ru/a/atalija_a_w/;None
Атаманов Геннадий Иванович;http://samlib.ru/a/atamanow_g_i/;None
Атаманова Светлана Михайловна;http://samlib.ru/a/atamanowa_s_m/;None
Атанер;http://samlib.ru/a/ataner_w/;None
Атапин Евгений;http://samlib.ru/a/atapin_ewgenij/;None
Атар Елия;http://samlib.ru/a/atar_e_l/;None
Ати;http://samlib.ru/a/ati/;None
Атила Элари;http://samlib.ru/a/atila_e/;None
Атлас О М;http://samlib.ru/a/atlas_o_m/;None
Атма;http://samlib.ru/a/atma/;None
Атман Квинт;http://samlib.ru/a/atman_k/;None
Атомный Владимир;http://samlib.ru/a/atomnyj_w/;None
Атта Ос;http://samlib.ru/a/atta/;None
Аугуст Елена;http://samlib.ru/a/august_e/;None
Аурелли;http://samlib.ru/a/aurelli/;None
Аусиньш Эгерт;http://samlib.ru/e/egert_a/;None
Аут2011;http://samlib.ru/a/aut2011/;None
Аутодафе Ищущего;http://samlib.ru/a/autodafe_i/;None
Афанасьев Александр Сергеевич;http://samlib.ru/a/afanasxew_aleksandr_sergeewich/;None
Афанасьев Михаил;http://samlib.ru/o/onichin_r_r/;None
Афанасьев Сергей Игоревич;http://samlib.ru/a/afanasxew_s_i/;None
Афанасьева Ирина Гусейновна;http://samlib.ru/a/afanasxewa_i_g/;None
Афиша;http://samlib.ru/a/afisha_s/;None
Афоньский Варяг Минимум;http://samlib.ru/a/afonxskij_w_m/;None
Африканка;http://samlib.ru/a/afrikanka/;None
Афтар;http://samlib.ru/s/sjupriwanow_b_m/;None
Аффтар;http://samlib.ru/a/afftar/;None
Аффторчик-Сама;http://samlib.ru/a/afftorchiksama/;None
Ахиджанович Владислав;http://samlib.ru/w/wladislaw_a/;None
Ахияров Виктор;http://samlib.ru/a/ahijarow_w/;None
Ахматов Иван Андреевич;http://samlib.ru/a/ahmatow_i_a/;None
Ахмедиев Бейбит Касымханович;http://samlib.ru/a/ahmediew_b_k/;None
Ахмеров Тимур;http://samlib.ru/a/ahmerow_t/;None
Ахметов А.;http://samlib.ru/n/nastxjan/;None
Ахметова Ая;http://samlib.ru/a/aja_a/;None
Ахметова Юлия;http://samlib.ru/a/ahmetowa_j/;None
Ахметханова Зяля Хайдаровна;http://samlib.ru/a/ahmethanowa_z_h/;None
Ахметшин Дмитрий;http://samlib.ru/a/ahmetshin_d_a/;None
Ахминеева Анастасия Васильевна;http://samlib.ru/a/ahmineewa_a_w/;None
Ахнаева Екатерина Александровна;http://samlib.ru/a/ahnaewa_e_a/;None
Ахременко Екатерина Сергеевна;http://samlib.ru/a/ahremenko_e_s/;None
Ахтина Елизавета Георгиевна;http://samlib.ru/a/ahtina_e_g/;None
Ахумада Оскар В;http://samlib.ru/a/ahumada_o_w/;None
Ахумада Оскар;http://samlib.ru/a/ahumada_o/;None
Ацтек;http://samlib.ru/k/kantamirow_i_k/;None
Аша Данисе;http://samlib.ru/a/asha_d/;None
Аша Линь;http://samlib.ru/a/asha_l/;None
Ашеко Анастасия;http://samlib.ru/a/asheko_a/;None
Ашимова Анна Сафина-Сания;http://samlib.ru/s/safina_a/;None
Ашихмин Станислав Николаевич;http://samlib.ru/a/ashihmin_s_n/;None
Ашкенази Абрахам;http://samlib.ru/a/ashkenazi_a/;None
Аштарт;http://samlib.ru/a/ashtart/;None
Аэрин;http://samlib.ru/a/aerin/;None
Аюта;http://samlib.ru/a/anna_walerxewna/;None
Аянокоджи Сеймей;http://samlib.ru/a/ajanokodzhi_s/;None
Б А Н;http://samlib.ru/b/b_a_n/;None
Б Б Б;http://samlib.ru/b/b_b_b/;None
Б. Д. В. Р.;http://samlib.ru/d/dvr/;None
Б. Константин;http://samlib.ru/g/gost/;None
Б. Ю. А.;http://samlib.ru/b/b_j_a/;None
Б.М.В.;http://samlib.ru/m/murmjafk/;None
Б.О.Н.;http://samlib.ru/b/brjanskaja_o/;None
Б.П.;http://samlib.ru/b/bp/;None
Б.Р.;http://samlib.ru/b/br/;None
Бe3daphoctb;http://samlib.ru/b/be3daphoctb/;None
Баба Яга;http://samlib.ru/b/baba_j/;None
Бабаджан Эдуард Георгиевич;http://samlib.ru/b/babadzhan_e_g/;None
Бабаджанян Василий Алибабаевич;http://samlib.ru/b/babadzhanjan_w_a/;None
Бабаев Сергий;http://samlib.ru/b/babaew_s/;None
Бабаева Лилия;http://samlib.ru/b/babaewa_l_w/;None
Бабаёта С А;http://samlib.ru/b/babaeta_s_a/;None
Бабин Александр Витальевич;http://samlib.ru/b/babin_a_w/;None
Бабич Сергей Николаевич;http://samlib.ru/b/babich_s_n/;None
Бабичев Александр Федорович;http://samlib.ru/b/paradigma/;None
Бабичева Евгения;http://samlib.ru/k/krammer_r_g/;None
Бабичева Ирина Геннадьевна;http://samlib.ru/b/babichewa_i_g/;None
Бабка Матрона;http://samlib.ru/b/babka_m/;None
Бабки В Иномирье;http://samlib.ru/b/babki_w_i/;None
Бабкин Ярослав Анатольевич;http://samlib.ru/b/babkin_j_a/;None
Бабкова Ольга Сергеевна;http://samlib.ru/b/babkowa_o_s/;None
Бабочка Иржи;http://samlib.ru/b/babochka_i/;None
Бабочка;http://samlib.ru/m/mertwaja_b/;None
Бабушкин Внук;http://samlib.ru/b/babushkin_w/;None
Бабынин Александр Васильевич;http://samlib.ru/b/babynin_a_w/;None
Багаева Ольга Николаевна;http://samlib.ru/b/bagaewa_o_n/;None
Багазов Олег;http://samlib.ru/b/bagazow_o_w/;None
Багвирус;http://samlib.ru/b/bronnikow_a_g/;None
Багдаева Рина;http://samlib.ru/b/bagdaewa_r/;None
Багдерина Светлана Анатольевна;http://samlib.ru/b/bagderina_s_a/;None
Багинский Андрей Александрович;http://samlib.ru/b/baginskij_a_a/;None
Багирли Анар Рауфович;http://samlib.ru/b/bagirli_a_r/;None
Багиров Самир;http://samlib.ru/b/bagirow_s/;None
Багманов Ильдар Рустэмович;http://samlib.ru/b/bagmanow_i_r/;None
Багой Александр;http://samlib.ru/b/bagoj_a/;None
Баграм Банзаич;http://samlib.ru/b/bagram_b/;None
Багрина Лола;http://samlib.ru/l/lola_bagrina/;None
Багринцев Иван Петрович;http://samlib.ru/b/bagrincew_i_p/;None
Багров Константин Владимирович;http://samlib.ru/b/bagrow_k_w/;None
Багрянский Федор Михайлович;http://samlib.ru/b/bagrjanskij_f_m/;None
Багрянцев Владлен Борисович;http://samlib.ru/n/nambu/;None
Бадалов Раксибай;http://samlib.ru/b/badalow_r/;None
Баев Александр Алексеевич;http://samlib.ru/b/baew_a_a/;None
Баев Александр Алексеевич;http://samlib.ru/b/baew_aleksandr_alekseewich/;None
Баев Владислав;http://samlib.ru/b/baew_wladislaw_wladimirowich/;None
Баева Марина Николаевна;http://samlib.ru/b/baewa_m_n/;None
Баженова Юлия;http://samlib.ru/b/bazhenowa_j/;None
Бажутин И. Р.;http://samlib.ru/p/proba_p_n/;None
Базаев Николай Александрович;http://samlib.ru/b/bazaew_n_a/;None
Базарова Елизавета;http://samlib.ru/e/elizaweta_b/;None
Базатаран;http://samlib.ru/b/bazataran/;None
Базылио Кот;http://samlib.ru/b/bazylio_k/;None
Базюкка;http://samlib.ru/b/bazjukka/;None
Бай Ксения;http://samlib.ru/b/baj_k/;None
Байбаков Сергей;http://samlib.ru/b/bajbakow_s/;None
Байда С.А.;http://samlib.ru/s/segrej/;None
Байдин Анатолий Алексеевич;http://samlib.ru/b/bajdin_a_a/;None
Байдина Нина Александровна;http://samlib.ru/b/bajdina_n_a/;None
Байкина Ирина Леонидовна;http://samlib.ru/b/bajkina_irina_leonidowna/;None
Байков Юрий Михайлович;http://samlib.ru/b/bajkow_j_m/;None
Байр Таня;http://samlib.ru/b/bajr_t/;None
Байр Таня;http://samlib.ru/t/tanja_a_b/;None
Баканова Лада Александровна;http://samlib.ru/b/bakanowa_l_a/;None
Баканович Виктор Павлович;http://samlib.ru/b/bakanowich_w_p/;None
Бакелит Петрович;http://samlib.ru/b/bakelit_p/;None
Бакинберг Руслан;http://samlib.ru/k/kuliew_s/;None
Бакинский Дмитрий;http://samlib.ru/a/awtor_w_m/;None
Бакиров М.А.;http://samlib.ru/b/bakirow_m/;None
Баккиокки Самюэле;http://samlib.ru/b/bakkioki_s/;None
Баклайм Сиано;http://samlib.ru/b/baklajm_s_/;None
Бакулев Олег;http://samlib.ru/b/bakulew_o/;None
Бакулина Анастасия Юрьевна;http://samlib.ru/b/bakulina_a_j/;None
Бакулина Рина Григорьевна;http://samlib.ru/b/bakulina_r_g/;None
Бакуменко Сергей Сергеевич;http://samlib.ru/b/bakumenko_s_s/;None
Балабан Виктор Иванович;http://samlib.ru/b/balaban_w_i/;None
Балабанов Илья Александрович;http://samlib.ru/b/balabanow_i_a/;None
Балабина Анастасия Аллександровна;http://samlib.ru/b/balabina_a_a/;None
Балагутдинов Алексей Николаевич;http://samlib.ru/b/balagutdinow_a_n/;None
Балагушкин Юрий Евгеньевич;http://samlib.ru/b/balagushkin_j_e/;None
Балаева Любовь Александровна;http://samlib.ru/b/balaewa_l_a/;None
Балалай;http://samlib.ru/b/balalaj/;None
Баламаут Вика В.;http://samlib.ru/b/balamaut_w_w/;None
Баламов Яков Васильевич;http://samlib.ru/b/balamow_j_w/;None
Баламут Петрович;http://samlib.ru/b/balamut_p/;None
Баландин Вячеслав Павлович;http://samlib.ru/b/balandin_w_p/;None
Баландин Никита Романович;http://samlib.ru/b/balandin_n_r/;None
Балапанов Ильнур Маликович;http://samlib.ru/b/balapanow_i_m/;None
Балашов Дмитрий;http://samlib.ru/b/balashow_d/;None
Балашова-Бояринова Татьяна;http://samlib.ru/b/balashowa_t_a/;None
Балашовский Ден;http://samlib.ru/d/denis_nikolaewich/;None
Балдпрайс;http://samlib.ru/b/baldprajs/;None
Баллах Мария;http://samlib.ru/b/ballah_m_o/;None
Балобанова Дарья;http://samlib.ru/b/balobanowa_d/;None
Балтийский Лев Кузьмич;http://samlib.ru/b/baltijskij_l_k/;None
Балтийский Ренессанс;http://samlib.ru/b/baltijskaja_e_l/;None
Балуев Роман;http://samlib.ru/b/baluew_r_w/;None
Балынский Андрий;http://samlib.ru/b/balynskij_a/;None
Балытникова Ольга Сергеевна;http://samlib.ru/b/balytnikowa_r_o/;None
Бальга Виктория;http://samlib.ru/w/wiktorija_b/;None
Бальдр;http://samlib.ru/b/baldr/;None
Бальтазар Блуд;http://samlib.ru/b/balxtazar_b/;None
Бальшой Грызь Батькавич;http://samlib.ru/b/balxshoj_gryzx_batxkawich/;None
Баляев Анатолий;http://samlib.ru/b/baljaew_a_n/;None
Бандаков Владислав;http://samlib.ru/b/bandakow_w/;None
Бандильерос;http://samlib.ru/s/shemelin_f_n/;None
Бандура Сергей Викторович;http://samlib.ru/b/bandura_s_w/;None
